{
  "main.py": 1775309626.0458379,
  "test_api.py": 1775407939.7055488,
  "test_interview_flow.py": 1775407939.7055488,
  "test_resume_interview.py": 1775407939.7055488,
  "htmlcov\\coverage_html_cb_188fc9a4.js": 1775445494.6534698,
  "scripts\\init_db.py": 1775480438.691359,
  "src\\config.py": 1775655877.7927241,
  "src\\main.py": 1776082732.3071163,
  "src\\__init__.py": 1775407939.6935475,
  "src\\agent\\base.py": 1775665694.5621877,
  "src\\agent\\evaluate_agent.py": 1775667658.0091114,
  "src\\agent\\fallbacks.py": 1775662450.8487127,
  "src\\agent\\feedback_agent.py": 1775667769.960032,
  "src\\agent\\knowledge_agent.py": 1775663477.2436657,
  "src\\agent\\orchestrator.py": 1775790416.7070315,
  "src\\agent\\prompts.py": 1775697266.8060603,
  "src\\agent\\question_agent.py": 1775664001.439434,
  "src\\agent\\resume_agent.py": 1775790405.7553551,
  "src\\agent\\retry.py": 1775662297.5889199,
  "src\\agent\\review_agent.py": 1775698836.1933374,
  "src\\agent\\skill_loader.py": 1775795957.8837411,
  "src\\agent\\state.py": 1775903554.9152026,
  "src\\agent\\streaming.py": 1775662737.9692452,
  "src\\agent\\__init__.py": 1775696030.1623588,
  "src\\api\\interview.py": 1776082904.33852,
  "src\\api\\knowledge.py": 1775407939.694548,
  "src\\api\\models.py": 1775951633.8184123,
  "src\\api\\routers.py": 1775407939.695547,
  "src\\api\\training.py": 1775407939.695547,
  "src\\api\\__init__.py": 1775407939.694548,
  "src\\config\\interview_config.py": 1775643534.872304,
  "src\\config\\__init__.py": 1775658271.1598275,
  "src\\core\\context_catch.py": 1776084126.1343234,
  "src\\core\\lifespan_manager.py": 1776083029.6055248,
  "src\\core\\prompt_cache.py": 1776074608.7265618,
  "src\\core\\recovery_manager.py": 1776066446.1146827,
  "src\\dao\\interview_feedback_dao.py": 1775790110.0603447,
  "src\\dao\\interview_session_dao.py": 1775790045.5734289,
  "src\\dao\\knowledge_base_dao.py": 1775790006.4335885,
  "src\\dao\\project_dao.py": 1775789957.862049,
  "src\\dao\\qa_history_dao.py": 1775790089.67358,
  "src\\dao\\resume_dao.py": 1775789940.6029027,
  "src\\dao\\user_dao.py": 1775789924.8529348,
  "src\\dao\\__init__.py": 1775407939.695547,
  "src\\db\\context_snapshot.py": 1775902494.0255325,
  "src\\db\\database.py": 1775709510.3827214,
  "src\\db\\models.py": 1775902502.8934994,
  "src\\db\\redis_client.py": 1775662574.891451,
  "src\\db\\vector_store.py": 1775407939.6985476,
  "src\\db\\__init__.py": 1775643688.7345705,
  "src\\llm\\client.py": 1776074516.3703506,
  "src\\llm\\prompts.py": 1775480438.694359,
  "src\\llm\\usage.py": 1776074575.2123435,
  "src\\llm\\__init__.py": 1775407939.6985476,
  "src\\services\\embedding_service.py": 1775407939.7005496,
  "src\\services\\interview_service.py": 1776073377.0959148,
  "src\\services\\knowledge_base_service.py": 1775480438.6963594,
  "src\\services\\llm_service.py": 1775662184.632854,
  "src\\services\\orchestrator_adapter.py": 1775706203.4565423,
  "src\\services\\responsibility_service.py": 1775790853.9216845,
  "src\\services\\resume_parser.py": 1775706755.0585752,
  "src\\services\\training_followup.py": 1775407939.7015479,
  "src\\services\\training_knowledge_matcher.py": 1775407939.7015479,
  "src\\services\\training_selector.py": 1775407939.702548,
  "src\\services\\__init__.py": 1775407939.6995482,
  "src\\tools\\code_tools.py": 1775707170.757662,
  "src\\tools\\enterprise_knowledge.py": 1775708923.7783427,
  "src\\tools\\memory_tools.py": 1776084083.6850681,
  "src\\tools\\rag_enhancements.py": 1775407939.703547,
  "src\\tools\\rag_tools.py": 1775407939.703547,
  "src\\tools\\__init__.py": 1775407939.702548,
  "src\\web\\app.js": 1775480438.697359,
  "tests\\test_agent_base.py": 1775644378.9515026,
  "tests\\test_agent_state.py": 1775643321.0208406,
  "tests\\test_api_interview.py": 1775407939.7065475,
  "tests\\test_api_interview_coverage.py": 1776082973.4052842,
  "tests\\test_api_training_coverage.py": 1775447336.730718,
  "tests\\test_bug_fixes.py": 1775668311.5883155,
  "tests\\test_database.py": 1775407939.7065475,
  "tests\\test_enterprise_knowledge.py": 1775407939.7065475,
  "tests\\test_evaluate_agent.py": 1775668153.430628,
  "tests\\test_fallbacks.py": 1775662451.4192264,
  "tests\\test_feedback_agent.py": 1775668195.6280723,
  "tests\\test_followup_guidance.py": 1775447336.7317176,
  "tests\\test_interview_config.py": 1775643551.8725135,
  "tests\\test_interview_flow.py": 1775407939.7075474,
  "tests\\test_interview_service_remaining.py": 1775447336.7317176,
  "tests\\test_interview_service_uncovered.py": 1775447336.7317176,
  "tests\\test_knowledge_agent.py": 1775663543.211526,
  "tests\\test_knowledge_base_service.py": 1775447336.7317176,
  "tests\\test_llm_service.py": 1775662198.519266,
  "tests\\test_multi_series.py": 1775702549.0915399,
  "tests\\test_orchestrator.py": 1775699475.7370484,
  "tests\\test_orchestrator_adapter.py": 1775705991.9525297,
  "tests\\test_question_agent.py": 1775663799.6999826,
  "tests\\test_rag_enhancements.py": 1775407939.7085474,
  "tests\\test_rag_tools.py": 1775407939.7085474,
  "tests\\test_realtime_feedback.py": 1775447336.7327178,
  "tests\\test_recorded_mode.py": 1775407939.7085474,
  "tests\\test_redis_client.py": 1775643848.3877935,
  "tests\\test_resume_agent.py": 1775662958.1710536,
  "tests\\test_resume_parser.py": 1775706704.9856818,
  "tests\\test_retry.py": 1775662298.176921,
  "tests\\test_review_agent.py": 1775698929.8496728,
  "tests\\test_series_pregeneration.py": 1775447336.7327178,
  "tests\\test_session_manager.py": 1776084427.4480388,
  "tests\\test_streaming.py": 1775662587.746914,
  "tests\\test_training_followup.py": 1775407939.7095473,
  "tests\\test_training_knowledge_matcher.py": 1775407939.7105484,
  "tests\\test_training_selector.py": 1775407939.7105484,
  "tests\\integration\\test_agent_integration.py": 1775700135.3476276,
  "tests\\unit\\test_context_catch.py": 1776084473.75633,
  "tests\\unit\\test_context_snapshot.py": 1775902623.8777027,
  "tests\\unit\\test_lifespan_manager.py": 1776083098.333207,
  "tests\\unit\\test_llm_usage.py": 1776072711.1510384,
  "tests\\unit\\test_llm_usage_data.py": 1776069758.5015974,
  "tests\\unit\\test_prompt_cache.py": 1776066339.4897518,
  "tests\\unit\\test_recovery_manager.py": 1776066464.8371797,
  "tests\\unit\\test_snapshot_dataclasses.py": 1775903304.2098591,
  "CLAUDE.md": 1775407939.6865473,
  "README.md": 1776085109.0007412,
  "docs\\API_docs.md": 1775659302.627395,
  "docs\\CHANGELOG-2026-04-13.md": 1776085019.496239,
  "docs\\high-concurrency-analysis.md": 1776085092.284804,
  "docs\\CODEMAPS\\agents.md": 1775667640.105497,
  "docs\\CODEMAPS\\api.md": 1775667654.2918723,
  "docs\\CODEMAPS\\dao.md": 1775667697.5736194,
  "docs\\CODEMAPS\\database.md": 1775791075.0227487,
  "docs\\CODEMAPS\\Entity.md": 1775791236.4556282,
  "docs\\CODEMAPS\\INDEX.md": 1775798031.3177204,
  "docs\\CODEMAPS\\llm.md": 1775667709.0088713,
  "docs\\CODEMAPS\\rag.md": 1775667721.4271026,
  "docs\\CODEMAPS\\services.md": 1775667667.083002,
  "docs\\CODEMAPS\\skill.md": 1775798010.120953,
  "docs\\superpowers\\plans\\2026-04-08-langgraph-agent-implementation.md": 1775661786.0500488,
  "docs\\superpowers\\plans\\2026-04-08-langgraph-agent-orchestration.md": 1775659248.0416255,
  "docs\\superpowers\\plans\\2026-04-09-phase1-reviewagent-persistence.md": 1775697033.9434674,
  "docs\\superpowers\\plans\\2026-04-11-context-catch-implementation.md": 1775902079.441995,
  "docs\\superpowers\\plans\\2026-04-13-invoke-llm-usage.md": 1776069663.7967687,
  "docs\\superpowers\\plans\\2026-04-13-prompt-caching-recovery.md": 1776067213.643943,
  "sigma\\transformer\\session.md": 1775577340.8193276,
  "src\\agent\\skills\\example_agent_integration.md": 1775795985.9138632,
  "src\\agent\\skills\\common\\SKILL.md": 1775795671.56393,
  "src\\agent\\skills\\common\\error-handling\\SKILL.md": 1775795672.6886017,
  "src\\agent\\skills\\common\\llm-calling\\SKILL.md": 1775795673.288842,